{
  "2019.xlsx": 1774031420.758,
  "2020.xlsx": 1774031402.435,
  "2021.xlsx": 1774031372.052,
  "2022.xlsx": 1774031198.734,
  "2023.xlsx": 1774294383.865952,
  "2024.xlsm": 1774294378.8053427,
  "2025.xlsm": 1774294371.7376153,
  "2026.xlsm": 1781787858.371
}